GJB2	13_20720051_A_<CN2>
GJB2	13_20761671_T_C
GJB2	13_20761953_G_C
GJB2	13_20762007_C_T
GJB2	13_20762024_T_C
GJB2	13_20762108_C_T
GJB2	13_20762118_T_C
GJB2	13_20762125_G_A
GJB2	13_20762197_T_C
GJB2	13_20762254_C_T
GJB2	13_20762315_G_A
GJB2	13_20762430_A_G
GJB2	13_20762480_T_C
GJB2	13_20762496_A_G
GJB2	13_20762519_C_G
GJB2	13_20762522_A_G
GJB2	13_20762525_A_C
GJB2	13_20762537_T_C
GJB2	13_20762628_T_G
GJB2	13_20762659_C_A
GJB2	13_20762666_T_C
GJB2	13_20762711_A_G
GJB2	13_20762871_T_C
GJB2	13_20762923_T_C
GJB2	13_20762926_A_G
GJB2	13_20762944_T_C
GJB2	13_20762959_G_A
GJB2	13_20762962_T_A
GJB2	13_20762971_A_G
GJB2	13_20762985_G_T
GJB2	13_20763039_G_A
GJB2	13_20763046_T_A
GJB2	13_20763079_T_C
GJB2	13_20763115_G_GCAAATTCCAGACACTGCAATCATGAACACTGTGAAGACAGTCTTCT
GJB2	13_20763136_C_G
GJB2	13_20763137_A_G
GJB2	13_20763150_A_G
GJB2	13_20763162_C_T
GJB2	13_20763163_C_T
GJB2	13_20763170_C_T
GJB2	13_20763171_G_A
GJB2	13_20763188_A_G
GJB2	13_20763193_G_C
GJB2	13_20763205_C_G
GJB2	13_20763209_G_GCGTT
GJB2	13_20763210_C_T
GJB2	13_20763218_T_C
GJB2	13_20763222_C_T
GJB2	13_20763228_G_A
GJB2	13_20763234_T_C
GJB2	13_20763243_C_T
GJB2	13_20763250_C_T
GJB2	13_20763257_T_C
GJB2	13_20763265_G_C
GJB2	13_20763282_C_T
GJB2	13_20763294_G_A
GJB2	13_20763296_A_G
GJB2	13_20763305_C_T
GJB2	13_20763313_G_T
GJB2	13_20763322_C_T
GJB2	13_20763332_C_A
GJB2	13_20763341_C_A
GJB2	13_20763351_G_A
GJB2	13_20763363_C_T
GJB2	13_20763366_C_T
GJB2	13_20763394_CCCCTTGATGAACTT_C
GJB2	13_20763395_CCCTTGATGAACTT_C
GJB2	13_20763420_CAT_C
GJB2	13_20763429_G_A
GJB2	13_20763434_G_C
GJB2	13_20763438_C_T
GJB2	13_20763463_C_T
GJB2	13_20763464_G_A
GJB2	13_20763464_G_C
GJB2	13_20763471_C_T
GJB2	13_20763472_G_C
GJB2	13_20763483_G_A
GJB2	13_20763485_AG_A
GJB2	13_20763489_C_T
GJB2	13_20763490_C_T
GJB2	13_20763491_C_T
GJB2	13_20763498_G_A
GJB2	13_20763513_G_C
GJB2	13_20763529_GCACACGTTCTTGCAGC_G
GJB2	13_20763534_C_A
GJB2	13_20763550_C_G
GJB2	13_20763582_C_A
GJB2	13_20763589_C_T
GJB2	13_20763595_C_T
GJB2	13_20763601_T_G
GJB2	13_20763607_CACA_C
GJB2	13_20763612_C_T
GJB2	13_20763621_TA_T
GJB2	13_20763626_C_T
GJB2	13_20763627_G_A
GJB2	13_20763633_T_C
GJB2	13_20763650_C_T
GJB2	13_20763662_A_G
GJB2	13_20763685_AC_A
GJB2	13_20763687_C_A
GJB2	13_20763698_G_A
GJB2	13_20763710_C_T
GJB2	13_20763712_C_T
GJB2	13_20763713_C_T
GJB2	13_20763743_C_T
GJB2	13_20763744_T_G
GJB2	13_20763748_A_G
GJB2	13_20763749_A_G
GJB2	13_20763758_G_A
GJB2	13_20763777_C_A
GJB2	13_20763822_A_G
GJB2	13_20763914_T_C
GJB2	13_20763922_A_T
GJB2	13_20763929_C_T
GJB2	13_20763944_C_T
GJB2	13_20763963_T_C
GJB2	13_20764045_T_G
GJB2	13_20764048_A_G
GJB2	13_20764054_C_T
GJB2	13_20764085_C_T
GJB2	13_20764088_AC_A
GJB2	13_20764153_A_C
GJB2	13_20764177_A_C
GJB2	13_20764258_G_A
GJB2	13_20764286_T_<CN2>
GJB2	13_20764299_T_A
GJB2	13_20764319_T_C
GJB2	13_20764326_C_T
GJB2	13_20764408_C_T
GJB2	13_20764429_G_A
GJB2	13_20764516_C_T
GJB2	13_20764538_G_C
GJB2	13_20764575_A_T
GJB2	13_20764582_T_C
GJB2	13_20764708_C_T
GJB2	13_20764731_C_T
GJB2	13_20764747_C_T
GJB2	13_20764752_G_A
GJB2	13_20764763_A_G
GJB2	13_20764825_T_C
GJB2	13_20764998_C_T
GJB2	13_20765044_A_G
GJB2	13_20765065_G_A
GJB2	13_20765124_A_G
GJB2	13_20765161_C_T
GJB2	13_20765218_A_G
GJB2	13_20765241_T_C
GJB2	13_20765283_G_C
GJB2	13_20765341_C_T
GJB2	13_20765447_T_C
GJB2	13_20765471_G_A
GJB2	13_20765498_G_A
GJB2	13_20765550_T_C
GJB2	13_20765606_A_C
GJB2	13_20765839_C_A
GJB2	13_20765853_C_T
GJB2	13_20765855_A_G
GJB2	13_20765864_C_T
GJB2	13_20765865_G_A
GJB2	13_20766145_T_A
GJB2	13_20766177_C_T
GJB2	13_20766251_G_A
GJB2	13_20766256_C_A
GJB2	13_20766278_C_T
GJB2	13_20766291_C_T
GJB2	13_20766292_T_C
GJB2	13_20766294_C_G
GJB2	13_20766388_G_C
GJB2	13_20766433_C_A
GJB2	13_20766434_C_T
GJB2	13_20766464_G_A
GJB2	13_20766471_A_G
GJB2	13_20766545_G_C
GJB2	13_20766659_T_C
GJB2	13_20766669_G_A
GJB2	13_20766692_C_T
GJB2	13_20766765_C_G
GJB2	13_20766843_G_T
GJB2	13_20766844_C_T
GJB2	13_20766853_C_G
GJB2	13_20766921_C_T
GJB2	13_20766944_G_T
GJB2	13_20767047_G_A
GJB2	13_20767073_G_C
GJB2	13_20767079_C_T
